_CASE_KEY,Material Group,Material Group Text,Material,Material Text,Net Order Price,Currency,Vendor
1000010,210,Input Devices,DPC1011,Professional keyboard - PROFITEC Model,20.5,EUR,1005
1000015,12,Hardware,DPC1016,"SIM-Module 8M x 36, 70 ns",67.9,EUR,1010
1000017,202,Motherboards,DPC1019,Processor  700  MHz,197.19,EUR,1010
1000019,207,Monitors,M-01,Sunny Sunny 01,542,EUR,1010
1000020,207,Monitors,M-02,Sunny Xa1,634,EUR,1010
1000026,207,Monitors,M-08,Flatscreen MS 1575P,731.2,EUR,1020
1000044,R1111,Dairy,R100001,Fauna margarine,0.41,EUR,3021
1000047,R1122,Deli,R100002,Salami parma,1.25,EUR,3021
1000054,R1121,Perishables,R100007,"Net of oranges, 4 lb",2.29,EUR,R1000
1000056,R1121,Perishables,R100007,"Net of oranges, 4 lb",2.29,EUR,R1000
1000059,R1121,Perishables,R100008,Pepper,1.17,EUR,R1000
1000060,R1131,Tools,R100009,Screwdriver (cross-head),2.39,EUR,R1000
1000065,1,Metal processing,100-210,Slug for fly wheel,51.1,EUR,1011
1000066,1,Metal processing,100-410,Casing for electronic drive,5.11,EUR,1011
1000074,1,Metal processing,100-600,Support base,51.1,USD,R3001
1000076,1,Metal processing,103-110,Slug for spiral casing--chrome steel,35.79,USD,R3001
1000078,R1111,Dairy,R100000,Yoghurt all natural,0.53,USD,R3001
1000089,R1131,Tools,R100009,Screwdriver (cross-head),1.98,USD,5550
1000098,R1133,Household/cosmetics,R100013,Shampoo 'Splash',2.35,USD,5560
1000103,R1133,Household/cosmetics,R100014,Body lotion 'Alabaster',2.99,USD,5550
1000107,R1134,Electro,R100016,Tuner X300,191.68,USD,5550
1000109,R1132,Sport,R100011,Basketball 'Professional',13.5,USD,5550
1000110,R1132,Sport,R100011,Basketball 'Professional',13.5,USD,5550
1000116,9,Accessories,1400-100,Deluxe Headlight,22.5,EUR,R1001
1000123,R1132,Sport,R100011,Basketball 'Professional',4.75,USD,3745
1000124,R1132,Sport,R100012,Skateboard 'Hells Bells',35.43,USD,3745
1000132,R1111,Dairy,R100000,Yoghurt all natural,0.53,USD,3745
1000138,R1111,Dairy,R100001,Fauna margarine,0.95,USD,R1000
100014,R1113,Frozen foods,R100004,"'Sophia l.' pizza, 3-pack",3.7,EUR,R1000
1000140,R1122,Deli,R100002,Salami parma,2.47,USD,R1000
1000141,R1122,Deli,R100002,Salami parma,2.47,USD,R1000
100015,R1114,Preserves,R100005,RAVIOLI 'LA MAMMA',0.39,EUR,R1000
1000156,R1121,Perishables,R100008,Pepper,2.56,USD,R1000
1000158,R1121,Perishables,R100008,Pepper,2.56,USD,R1000
1000164,R1114,Preserves,R100027,Meyer's goulash soup,1.07,EUR,3902
1000165,R1114,Preserves,R100027,Meyer's goulash soup,1.07,EUR,3902
1000166,R1114,Preserves,R100027,Meyer's goulash soup,1.07,EUR,3902
1000169,R1112,Beverages,R100032,Fitdrink 2000 (Can),0.28,EUR,3902
1000178,R1132,Sport,R100011,Basketball 'Professional',4.55,EUR,1003
1000180,R1132,Sport,R100012,Skateboard 'Hells Bells',17.46,EUR,1003
1000185,R1133,Household/cosmetics,R100014,Body lotion 'Alabaster',1.35,EUR,5550
1000187,R1133,Household/cosmetics,R100014,Body lotion 'Alabaster',1.35,EUR,5550
1000189,R1134,Electro,R100016,Tuner X300,114.14,EUR,5550
1000192,R1114,Preserves,R100026,Meyer's cream of mushroom soup,0.46,EUR,5550
1000193,R1114,Preserves,R100026,Meyer's cream of mushroom soup,0.46,USD,R3000
1000195,R1114,Preserves,R100027,Meyer's goulash soup,0.46,USD,R3000
100020,R1221,Returnables,R100022,Bottle 1.5,0.14,USD,R3000
1000206,3,Bulbs,40-100Y,Bulb 220/35V 40-watt yellow,0.11,EUR,300
1000207,8,Packaging,40-110C,40 W clear 220-235V e27 MIG Carton,0.01,EUR,300
1000210,8,Packaging,40-110Y,220-235V 40-watt yellow e27 MIG box,0.01,EUR,300
1000217,3,Bulbs,YY-210,Solid wire LSN 5 1.8,4.59,EUR,1001
100022,R1221,Returnables,R100022,Bottle 1.5,0.14,USD,R3000
1000225,8,Packaging,60-110Y,220-235V 60-watt yellow e27 MIG box,0.01,EUR,1001
1000226,3,Bulbs,60-200C,Bulb A 60/33x128 clear EMG,0.1,EUR,1001
1000235,8,Packaging,80-110C,220-235V 80-watt clear e27 MIG box,0.01,EUR,1075
1000249,3,Bulbs,YY-260,Current conveyor 3 piece,0.01,USD,R3002
1000256,R1132,Sport,R100011,Basketball 'Professional',13.5,EUR,1015
1000257,R1132,Sport,R100012,Skateboard 'Hells Bells',67,EUR,1015
1000259,207,Monitors,M-02,Sunny Xa1,634,EUR,1015
1000264,207,Monitors,M-07,Flatscreen LE 64P,567.5,EUR,1025
1000268,207,Monitors,M-11,Flatscreen MS 1785P,869.2,EUR,1025
1000273,207,Monitors,M-16,SEC Multisync XV 17,838.5,EUR,R1000
1000275,207,Monitors,M-18,Jotachi SN4500,920.29,EUR,R1000
1000282,R1111,Dairy,R100001,Fauna margarine,0.41,EUR,R1000
1000284,R1122,Deli,R100002,Salami parma,1.25,EUR,R1000
1000294,R1121,Perishables,R100007,"Net of oranges, 4 lb",2.29,EUR,3902
1000300,R1131,Tools,R100009,Screwdriver (cross-head),2.39,EUR,3902
1000312,12,Hardware,DPC1015,"SIM-Modul 256 MB 16M x 32, 70 ns",97.2,EUR,1005
1000317,1,Metal processing,100-120,Flat gasket,23.5,EUR,1011
1000318,1,Metal processing,100-130,Hexagon head screw M10,0.51,EUR,1011
1000322,1,Metal processing,100-420,Circuit board M-1000,10.4,EUR,1011
1000333,R1111,Dairy,R100001,Fauna margarine,0.95,USD,1003
1000334,R1122,Deli,R100002,Salami parma,49.5,USD,1003
1000339,R1114,Preserves,R100026,Meyer's cream of mushroom soup,1.08,USD,1003
1000340,R1114,Preserves,R100027,Meyer's goulash soup,1.08,USD,1003
1000342,R1131,Tools,R100009,Screwdriver (cross-head),2,USD,1003
1000344,R1131,Tools,R100009,Screwdriver (cross-head),2,USD,5560
1000353,R1133,Household/cosmetics,R100013,Shampoo 'Splash',2.62,USD,3021
1000356,R1133,Household/cosmetics,R100014,Body lotion 'Alabaster',3.04,USD,3021
1000359,R1134,Electro,R100016,Tuner X300,177.34,USD,3021
1000363,R1132,Sport,R100011,Basketball 'Professional',13.5,EUR,1011
1000364,R1132,Sport,R100011,Basketball 'Professional',13.5,EUR,1011
1000366,R1132,Sport,R100012,Skateboard 'Hells Bells',67,EUR,1011
1000367,R1132,Sport,R100012,Skateboard 'Hells Bells',67,EUR,1011
1000373,201,Motorcycles,1400-310,CrossFun / 350 cm3,3732.42,EUR,R1000
1000377,R1132,Sport,R100011,Basketball 'Professional',4.75,EUR,R1000
1000385,2,Electronics,R-1140,"TFT Monitor, 17"",205,EUR""",5550,,
1000398,R1133,Household/cosmetics,R100013,Shampoo 'Splash',1.14,EUR,3021
100040,R1221,Returnables,R100022,Bottle 1.5,0.14,EUR,R1000
1000408,R1114,Preserves,R100027,Meyer's goulash soup,0.46,EUR,5550
1000410,R1114,Preserves,R100027,Meyer's goulash soup,0.46,EUR,5550
1000414,3,Bulbs,40-100C,Bulb 220/35V 40-watt clear,0.05,EUR,300
1000429,3,Bulbs,60-100C,Bulb 220/35V 60-watt frosted,0.05,EUR,1001
100043,R1114,Preserves,R100005,RAVIOLI 'LA MAMMA',0.39,EUR,R1000
1000435,8,Packaging,60-110R,220-235V 60-watt red e27 MIG box,0.01,EUR,1001
1000436,8,Packaging,60-110Y,220-235V 60-watt yellow e27 MIG box,0.01,EUR,1001
1000438,3,Bulbs,60-200F,Bulb A 60/33x128 frosted EMG,0.1,EUR,1001
1000446,8,Packaging,80-110C,220-235V 80-watt clear e27 MIG box,0.01,EUR,1001
1000455,3,Bulbs,80-200R,Bulb A 80/33x128 red EMG,0.1,USD,R3002
1000456,3,Bulbs,80-200Y,Bulb A 40/33x128 yellow EMG,0.01,USD,R3002
1000464,R1133,Household/cosmetics,R100013,Shampoo 'Splash',2.85,EUR,1005
1000467,R1132,Sport,R100011,Basketball 'Professional',13.5,EUR,1005
1000468,R1132,Sport,R100012,Skateboard 'Hells Bells',67,EUR,1005
1000475,210,Input Devices,DPC1011,Professional keyboard - PROFITEC Model,20.5,EUR,1005
100048,R1221,Returnables,R100022,Bottle 1.5,0.14,EUR,R1000
1000485,R1111,Dairy,R100001,Fauna margarine,0.41,EUR,R1000
1000493,R1111,Dairy,R100001,Fauna margarine,0.41,USD,R3000
1000498,R1221,Returnables,R100022,Bottle 1.5,0.14,USD,R3000
1000499,R1113,Frozen foods,R100004,"'Sophia l.' pizza, 3-pack",3.7,USD,R3000
1000502,R1112,Beverages,R100003,Lemonade 1.5 l bottle,0.72,USD,R3000
1000504,R1221,Returnables,R100023,Crate 12 bottles,1.5,EUR,1010
1000511,R1221,Returnables,R100023,Crate 12 bottles,1.5,EUR,1010
1000517,207,Monitors,M-06,Flatscreen MS 1460 P,557.29,EUR,1015
1000518,207,Monitors,M-07,Flatscreen LE 64P,567.5,EUR,1015
1000520,207,Monitors,M-09,Flatscreen MS 1585,777.2,EUR,1015
1000521,207,Monitors,M-10,Flatscreen MS 1775P,818.1,EUR,1015
1000530,207,Monitors,M-19,Jotachi SN5000,557.29,EUR,R1000
1000537,R1111,Dairy,R100001,Fauna margarine,0.41,EUR,3745
1000539,R1122,Deli,R100002,Salami parma,1.25,EUR,3745
1000546,R1114,Preserves,R100005,RAVIOLI 'LA MAMMA',0.36,EUR,5560
1000552,R1121,Perishables,R100008,Pepper,1.17,EUR,5560
1000565,1,Metal processing,100-433,Screw M 6X60,0.51,USD,R3000
100057,R1111,Dairy,R100001,Fauna margarine,0.95,USD,R3000
1000575,R1114,Preserves,R100005,RAVIOLI 'LA MAMMA',0.86,USD,5550
1000578,R1114,Preserves,R100026,Meyer's cream of mushroom soup,1.08,USD,5550
1000581,R1131,Tools,R100009,Screwdriver (cross-head),2,USD,5550
1000582,R1131,Tools,R100009,Screwdriver (cross-head),2,USD,5550
1000583,R1131,Tools,R100009,Screwdriver (cross-head),2,USD,5550
1000588,R1131,Tools,R100010,"Hammer, 20 oz framing",11.08,USD,5550
1000589,R1133,Household/cosmetics,R100013,Shampoo 'Splash',2.64,USD,5550
1000594,R1133,Household/cosmetics,R100014,Body lotion 'Alabaster',3.04,USD,3745
1000601,R1132,Sport,R100011,Basketball 'Professional',13.5,USD,3745
1000603,R1132,Sport,R100011,Basketball 'Professional',13.5,EUR,1011
1000604,R1132,Sport,R100011,Basketball 'Professional',13.5,EUR,1011
1000605,R1132,Sport,R100012,Skateboard 'Hells Bells',67,EUR,1011
1000608,R1132,Sport,R100012,Skateboard 'Hells Bells',67,EUR,1011
1000609,9,Accessories,1400-100,Deluxe Headlight,22.5,EUR,1011
1000613,9,Accessories,1400-400,Motorcycle Helmet - Standard,23.01,EUR,R1000
1000623,R1112,Beverages,R100032,Fitdrink 2000 (Can),0.28,USD,3745
100063,R1221,Returnables,R100023,Crate 12 bottles,1.5,EUR,R1000
1000641,R1114,Preserves,R100005,RAVIOLI 'LA MAMMA',0.86,USD,5550
1000651,R1121,Perishables,R100008,Pepper,2.56,USD,5560
1000652,R1114,Preserves,R100026,Meyer's cream of mushroom soup,1.08,USD,5560
1000654,R1114,Preserves,R100026,Meyer's cream of mushroom soup,1.08,USD,5550
1000659,R1114,Preserves,R100027,Meyer's goulash soup,1.07,USD,5550
1000660,R1112,Beverages,R100032,Fitdrink 2000 (Can),0.29,USD,5550
1000676,R1132,Sport,R100012,Skateboard 'Hells Bells',17.71,EUR,5550
1000677,R1133,Household/cosmetics,R100013,Shampoo 'Splash',1.14,EUR,5550
1000678,R1133,Household/cosmetics,R100013,Shampoo 'Splash',1.14,EUR,5550
1000684,R1134,Electro,R100016,Tuner X300,114.14,EUR,5550
1000702,2,Electronics,THT-00-04,Laser Printer,179,USD,3021
1000706,2,Electronics,THT-00-08,Laser Printer,179,USD,3021
1000722,2,Electronics,THT-00-24,Laser Printer,179,USD,3021
1000729,2,Electronics,THT-00-31,Laser Printer,179,USD,3021
1000730,2,Electronics,THT-00-32,Laser Printer,179,USD,3021
1000732,2,Electronics,THT-00-34,Laser Printer,179,USD,3021
1000735,2,Electronics,THT-00-37,Laser Printer,179,USD,3021
1000736,2,Electronics,THT-00-38,Laser Printer,179,USD,3021
1000739,2,Electronics,THT-01-00,Inkjet Printer,100,USD,3021
1000041,R1111,Dairy,R100000,Yoghurt all natural,0.27,EUR,5550
1000083,R1121,Perishables,R100007,"Net of oranges, 4 lb",2.12,USD,5550
1000084,R1121,Perishables,R100008,Pepper,2.56,USD,5550
1000092,R1131,Tools,R100010,"Hammer, 20 oz framing",10.08,USD,5550
1000093,R1131,Tools,R100010,"Hammer, 20 oz framing",10.08,USD,5560
1000096,R1133,Household/cosmetics,R100013,Shampoo 'Splash',2.35,USD,5560
1000099,R1133,Household/cosmetics,R100013,Shampoo 'Splash',2.35,USD,5560
1000145,R1113,Frozen foods,R100004,"'Sophia l.' pizza, 3-pack",7.15,USD,R1000
1000174,R1131,Tools,R100010,"Hammer, 20 oz framing",4.62,EUR,1003
1000175,R1131,Tools,R100010,"Hammer, 20 oz framing",4.62,EUR,1003
1000176,R1132,Sport,R100011,Basketball 'Professional',4.55,EUR,1003
1000196,R1114,Preserves,R100027,Meyer's goulash soup,0.46,USD,R3000
1000202,R1111,Dairy,R100001,Fauna margarine,0.95,USD,R3000
1000252,R1131,Tools,R100010,"Hammer, 20 oz framing",100,USD,R3002
1000254,R1133,Household/cosmetics,R100014,Body lotion 'Alabaster',3.04,EUR,1015
1000280,R1111,Dairy,R100000,Yoghurt all natural,0.27,EUR,R1000
1000288,R1113,Frozen foods,R100004,"'Sophia l.' pizza, 3-pack",3.7,EUR,R1000
1000290,R1114,Preserves,R100005,RAVIOLI 'LA MAMMA',0.36,EUR,R1000
1000293,R1121,Perishables,R100007,"Net of oranges, 4 lb",2.29,EUR,3902
1000335,R1113,Frozen foods,R100004,"'Sophia l.' pizza, 3-pack",7.57,USD,1003
1000337,R1121,Perishables,R100007,"Net of oranges, 4 lb",2.12,USD,1003
1000341,R1112,Beverages,R100032,Fitdrink 2000 (Can),0.33,USD,1003
1000347,R1131,Tools,R100010,"Hammer, 20 oz framing",10.99,USD,5560
1000352,R1133,Household/cosmetics,R100013,Shampoo 'Splash',2.62,USD,5560
1000358,R1134,Electro,R100016,Tuner X300,177.34,USD,3021
1000362,R1132,Sport,R100011,Basketball 'Professional',13.5,USD,3021
1000381,R1134,Electro,R100016,Tuner X300,114.14,EUR,R1000
1000384,R1112,Beverages,R100032,Fitdrink 2000 (Can),0.28,EUR,5550
1000391,R1132,Sport,R100011,Basketball 'Professional',4.55,EUR,5550
1000395,R1132,Sport,R100012,Skateboard 'Hells Bells',17.46,EUR,3021
1000407,R1114,Preserves,R100026,Meyer's cream of mushroom soup,0.46,EUR,5550
100042,R1113,Frozen foods,R100004,"'Sophia l.' pizza, 3-pack",3.7,EUR,R1000
1000532,R1111,Dairy,R100000,Yoghurt all natural,0.27,EUR,R1000
1000535,R1111,Dairy,R100001,Fauna margarine,0.41,EUR,3745
1000540,R1122,Deli,R100002,Salami parma,1.25,EUR,3745
1000572,R1111,Dairy,R100001,Fauna margarine,0.95,USD,R3000
1000574,R1113,Frozen foods,R100004,"'Sophia l.' pizza, 3-pack",7.57,USD,5550
1000580,R1112,Beverages,R100032,Fitdrink 2000 (Can),0.33,USD,5550
1000598,R1134,Electro,R100016,Tuner X300,176,USD,3745
1000600,R1134,Electro,R100016,Tuner X300,176,USD,3745
1000602,R1132,Sport,R100011,Basketball 'Professional',13.5,USD,3745
1000619,R1133,Household/cosmetics,R100014,Body lotion 'Alabaster',1.35,EUR,R1000
1000632,R1122,Deli,R100002,Salami parma,2.47,USD,3745
1000644,R1121,Perishables,R100007,"Net of oranges, 4 lb",2.12,USD,5560
1000655,R1114,Preserves,R100026,Meyer's cream of mushroom soup,1.08,USD,5550
1000668,R1131,Tools,R100010,"Hammer, 20 oz framing",4.58,EUR,5550
1000673,R1132,Sport,R100011,Basketball 'Professional',4.58,EUR,5550
1000681,R1133,Household/cosmetics,R100014,Body lotion 'Alabaster',1.35,EUR,5550
1000682,R1133,Household/cosmetics,R100014,Body lotion 'Alabaster',1.35,EUR,5550
1000687,R1114,Preserves,R100026,Meyer's cream of mushroom soup,0.46,EUR,5550
1000693,R1112,Beverages,R100032,Fitdrink 2000 (Can),0.28,USD,3021
100000,R1221,Returnables,R100023,Crate 12 bottles,1.5,EUR,R1000
1000001,R1134,Electro,R100016,Tuner X300,157,USD,R3002
1000003,R1132,Sport,R100012,Skateboard 'Hells Bells',67,EUR,1005
1000008,210,Input Devices,DPC1009,Standard Keyboard - EURO Model,16.6,EUR,1005
1000018,202,Motherboards,DPC1020,3Processor  500 MHz,23.5,EUR,1010
1000027,207,Monitors,M-09,Flatscreen MS 1585,777.2,EUR,1020
1000036,207,Monitors,M-18,Jotachi SN4500,920.29,EUR,5550
1000037,207,Monitors,M-19,Jotachi SN5000,557.29,EUR,5550
100004,R1221,Returnables,R100022,Bottle 1.5,0.05,EUR,R1000
1000050,R1113,Frozen foods,R100004,"'Sophia l.' pizza, 3-pack",3.7,EUR,3021
1000052,R1114,Preserves,R100005,RAVIOLI 'LA MAMMA',0.36,EUR,3021
1000063,1,Metal processing,100-120,Flat gasket,23.5,EUR,1011
1000067,1,Metal processing,100-310,Slug for Shaft,24.5,EUR,1011
1000073,1,Metal processing,100-510,Ball bearing,10.19,USD,R3001
100009,R1111,Dairy,R100001,Fauna margarine,0.41,EUR,R1000
1000091,R1131,Tools,R100009,Screwdriver (cross-head),1.98,USD,5550
1000100,R1133,Household/cosmetics,R100014,Body lotion 'Alabaster',2.99,USD,5560
1000112,R1132,Sport,R100012,Skateboard 'Hells Bells',67,USD,5550
1000113,R1132,Sport,R100012,Skateboard 'Hells Bells',67,EUR,R1001
1000114,R1132,Sport,R100012,Skateboard 'Hells Bells',67,EUR,R1001
1000117,9,Accessories,1400-200,Deluxe Taillight,11.8,EUR,R1001
100012,R1221,Returnables,R100022,Bottle 1.5,0.14,EUR,R1000
1000121,9,Accessories,1400-750,Deluxe Gas Tank Striping Decals,8.19,EUR,R1001
1000122,R1131,Tools,R100010,"Hammer, 20 oz framing",4.46,EUR,R1001
1000147,R1114,Preserves,R100005,RAVIOLI 'LA MAMMA',0.86,USD,R1000
1000148,R1114,Preserves,R100005,RAVIOLI 'LA MAMMA',0.86,USD,R1000
1000154,R1121,Perishables,R100007,"Net of oranges, 4 lb",2.12,USD,R1000
1000155,R1121,Perishables,R100008,Pepper,2.56,USD,R1000
1000167,R1112,Beverages,R100032,Fitdrink 2000 (Can),0.28,EUR,3902
1000170,R1112,Beverages,R100032,Fitdrink 2000 (Can),0.28,EUR,3902
1000171,2,Electronics,R-1140,"TFT Monitor, 17"",205,EUR""",3902,,
1000200,7,Services,,,8017.02,USD,R3000
1000204,3,Bulbs,40-100F,Light Bulb 220/235V 40 watt frosted,0.05,EUR,300
1000214,3,Bulbs,40-200Y,Bulb A 40/33x128 yellow EMG,0.01,EUR,1001
1000215,3,Bulbs,40-210,Helix 40W 220-235V 1000h CC,0.02,EUR,1001
1000216,3,Bulbs,80-210,Coil 220-235V 80-watt 1000h CC,0.02,EUR,1001
1000218,3,Bulbs,60-100C,Bulb 220/35V 60-watt frosted,0.05,EUR,1001
1000229,3,Bulbs,60-200Y,Bulb A 60/33x128 yellow EMG,0.1,EUR,1001
1000230,3,Bulbs,60-210,Coil 220-235V 60-watt 1000h CC,0.01,EUR,1001
1000232,3,Bulbs,80-100F,Bulb 220/35V 80-watt frosted,0.13,EUR,1001
1000236,8,Packaging,80-110F,220-235V 80-watt frosted e27 MIG box,0.01,EUR,1075
1000237,8,Packaging,80-110R,220-235V 80-watt yellow e27 MIG box,0.01,EUR,1075
100024,R1111,Dairy,R100001,Fauna margarine,0.95,USD,R3000
1000245,3,Bulbs,80-200Y,Bulb A 40/33x128 yellow EMG,0.01,USD,R3002
100026,R1112,Beverages,R100003,Lemonade 1.5 l bottle,0.72,USD,R3000
1000260,207,Monitors,M-03,Sunny Tetral3,634,EUR,1015
1000267,207,Monitors,M-10,Flatscreen MS 1775P,818.1,EUR,1025
1000271,207,Monitors,M-14,MAG PA/DX 175,562.39,EUR,1025
1000304,208,Hard disks,DPC1004,Harddisk 42.94 GB / SCSI-2-Fast,637.1,EUR,1005
1000305,208,Hard disks,DPC1005,Harddisk 21.13 GB /  ATA-2,180,EUR,1005
1000306,210,Input Devices,DPC1009,Standard Keyboard - EURO Model,16.6,EUR,1005
1000310,210,Input Devices,DPC1013,Professional keyboard - NATURAL Model,35.39,EUR,1005
1000313,12,Hardware,DPC1016,"SIM-Module 8M x 36, 70 ns",67.9,EUR,1011
1000314,12,Hardware,DPC1017,"SIM-Module 4M x 36, 70 ns",37.89,EUR,1011
1000324,1,Metal processing,100-431,Mains adaptor 100 - 240 V,1.42,USD,R3000
1000330,1,Metal processing,103-110,Slug for spiral casing--chrome steel,35.79,USD,R3000
100036,R1111,Dairy,R100000,Yoghurt all natural,0.27,EUR,R1000
1000372,201,Motorcycles,1400-300,SunFun / 1200 cm3,3681.3,EUR,1011
1000375,9,Accessories,1400-750,Deluxe Gas Tank Striping Decals,8.19,EUR,R1000
1000397,R1133,Household/cosmetics,R100013,Shampoo 'Splash',1.14,EUR,3021
1000404,R1134,Electro,R100016,Tuner X300,114.14,EUR,5550
1000420,8,Packaging,40-110R,220-235V 40-watt red e27 MIG box,0.01,EUR,300
1000426,3,Bulbs,40-210,Helix 40W 220-235V 1000h CC,0.02,EUR,1001
1000432,3,Bulbs,60-100Y,Bulb 220/35V 60-watt yellow,0.26,EUR,1001
1000434,8,Packaging,60-110F,220-235V 60-watt frosted e27 MIG box,0.01,EUR,1001
100044,R1111,Dairy,R100000,Yoghurt all natural,0.27,EUR,R1000
1000441,3,Bulbs,60-210,Coil 220-235V 60-watt 1000h CC,0.01,EUR,1001
1000443,3,Bulbs,80-100F,Bulb 220/35V 80-watt frosted,0.13,EUR,1001
1000444,3,Bulbs,80-100R,Bulb 220/35V 80-watt red,0.3,EUR,1001
1000445,3,Bulbs,80-100Y,Bulb 220/35V 80-watt yellow,0.26,EUR,1001
1000471,208,Hard disks,DPC1004,Harddisk 42.94 GB / SCSI-2-Fast,637.1,EUR,1005
1000477,210,Input Devices,DPC1013,Professional keyboard - NATURAL Model,35.39,EUR,1005
1000479,12,Hardware,DPC1015,"SIM-Modul 256 MB 16M x 32, 70 ns",97.2,EUR,1005
1000482,202,Motherboards,DPC1019,Processor  700  MHz,197.19,EUR,1005
1000495,R1112,Beverages,R100003,Lemonade 1.5 l bottle,0.4,USD,R3000
1000500,R1111,Dairy,R100001,Fauna margarine,0.95,USD,R3000
1000506,R1122,Deli,R100002,Salami parma,49.5,EUR,1010
1000513,207,Monitors,M-02,Sunny Xa1,634,EUR,1015
1000514,207,Monitors,M-03,Sunny Tetral3,634,EUR,1015
1000515,207,Monitors,M-04,Sunny Extreme,659.6,EUR,1015
1000522,207,Monitors,M-11,Flatscreen MS 1785P,869.2,EUR,1015
1000523,207,Monitors,M-12,MAG DX 15F/Fe,511.3,EUR,R1000
1000526,207,Monitors,M-15,SEC Multisync XV15,710.7,EUR,R1000
1000528,207,Monitors,M-17,Jotachi SN4000,920.29,EUR,R1000
1000533,R1111,Dairy,R100000,Yoghurt all natural,0.27,EUR,3745
1000536,R1111,Dairy,R100001,Fauna margarine,0.41,EUR,3745
1000558,1,Metal processing,100-210,Slug for fly wheel,51.1,EUR,1011
100056,R1221,Returnables,R100023,Crate 12 bottles,1.5,USD,R3000
1000561,1,Metal processing,100-420,Circuit board M-1000,10.4,EUR,1011
1000563,1,Metal processing,100-431,Mains adaptor 100 - 240 V,1.42,USD,R3000
1000564,1,Metal processing,100-432,Cable structure,1.02,USD,R3000
1000570,1,Metal processing,103-410,Slug for pressure cover--chrome steel,15.3,USD,R3000
1000571,R1111,Dairy,R100000,Yoghurt all natural,0.53,USD,R3000
1000573,R1122,Deli,R100002,Salami parma,49.5,USD,5550
100059,R1112,Beverages,R100003,Lemonade 1.5 l bottle,0.72,USD,R3000
1000612,201,Motorcycles,1400-310,CrossFun / 350 cm3,3732.42,EUR,1011
100062,R1221,Returnables,R100022,Bottle 1.5,0.05,EUR,R1000
1000627,R1111,Dairy,R100000,Yoghurt all natural,0.53,USD,3745
1000631,R1111,Dairy,R100001,Fauna margarine,0.95,USD,3745
1000640,R1114,Preserves,R100005,RAVIOLI 'LA MAMMA',0.86,USD,5550
1000646,R1121,Perishables,R100007,"Net of oranges, 4 lb",2.12,USD,5560
1000647,R1121,Perishables,R100007,"Net of oranges, 4 lb",2.12,USD,5560
1000683,R1134,Electro,R100016,Tuner X300,114.14,EUR,5550
100069,R1221,Returnables,R100023,Crate 12 bottles,1.53,EUR,R1000
1000704,2,Electronics,THT-00-06,Laser Printer,179,USD,3021
1000712,2,Electronics,THT-00-14,Laser Printer,179,USD,3021
1000713,2,Electronics,THT-00-15,Laser Printer,179,USD,3021
1000715,2,Electronics,THT-00-17,Laser Printer,179,USD,3021
1000718,2,Electronics,THT-00-20,Laser Printer,179,USD,3021
1000719,2,Electronics,THT-00-21,Laser Printer,179,USD,3021
1000721,2,Electronics,THT-00-23,Laser Printer,179,USD,3021
100073,R1111,Dairy,R100001,Fauna margarine,0.41,EUR,R1000
1000733,2,Electronics,THT-00-35,Laser Printer,179,USD,3021
1000738,2,Electronics,THT-00-40,Laser Printer,179,USD,3021
1000002,R1132,Sport,R100011,Basketball 'Professional',13.5,USD,R3002
1000005,208,Hard disks,DPC1003,Harddisk 180 GB / SCSI-2-Fast,309.3,EUR,1005
1000006,208,Hard disks,DPC1004,Harddisk 42.94 GB / SCSI-2-Fast,637.1,EUR,1005
1000007,208,Hard disks,DPC1005,Harddisk 21.13 GB /  ATA-2,180,EUR,1005
1000011,210,Input Devices,DPC1012,Professional keyboard - MAXITEC Model,26,EUR,1005
1000016,12,Hardware,DPC1017,"SIM-Module 4M x 36, 70 ns",37.89,EUR,1010
1000023,207,Monitors,M-05,Microsoft Lizenzen,286.3,EUR,1020
1000024,207,Monitors,M-06,Flatscreen MS 1460 P,557.29,EUR,1020
1000025,207,Monitors,M-07,Flatscreen LE 64P,567.5,EUR,1020
1000028,207,Monitors,M-10,Flatscreen MS 1775P,818.1,EUR,1020
1000032,207,Monitors,M-14,MAG PA/DX 175,562.39,EUR,1020
1000033,207,Monitors,M-15,SEC Multisync XV15,710.7,EUR,5550
1000039,R1111,Dairy,R100000,Yoghurt all natural,0.27,EUR,5550
1000040,R1111,Dairy,R100000,Yoghurt all natural,0.27,EUR,5550
1000045,R1122,Deli,R100002,Salami parma,1.25,EUR,3021
1000048,R1113,Frozen foods,R100004,"'Sophia l.' pizza, 3-pack",3.7,EUR,3021
1000049,R1113,Frozen foods,R100004,"'Sophia l.' pizza, 3-pack",3.7,EUR,3021
1000051,R1114,Preserves,R100005,RAVIOLI 'LA MAMMA',0.36,EUR,3021
1000053,R1114,Preserves,R100005,RAVIOLI 'LA MAMMA',0.36,EUR,R1000
1000057,R1121,Perishables,R100008,Pepper,1.17,EUR,R1000
1000062,R1131,Tools,R100009,Screwdriver (cross-head),2.39,EUR,R1000
1000068,1,Metal processing,100-420,Circuit board M-1000,10.4,EUR,1011
100007,R1221,Returnables,R100023,Crate 12 bottles,1.5,EUR,R1000
100008,R1111,Dairy,R100000,Yoghurt all natural,0.27,EUR,R1000
1000080,R1122,Deli,R100002,Salami parma,49.5,USD,R3001
1000085,R1114,Preserves,R100026,Meyer's cream of mushroom soup,1.08,USD,5550
1000087,R1112,Beverages,R100032,Fitdrink 2000 (Can),0.33,USD,5550
100010,R1122,Deli,R100002,Salami parma,25.1,EUR,R1000
1000102,R1133,Household/cosmetics,R100014,Body lotion 'Alabaster',2.99,USD,5560
1000106,R1134,Electro,R100016,Tuner X300,191.68,USD,5550
1000108,R1132,Sport,R100011,Basketball 'Professional',13.5,USD,5550
1000115,R1132,Sport,R100012,Skateboard 'Hells Bells',67,EUR,R1001
1000128,R1114,Preserves,R100026,Meyer's cream of mushroom soup,0.46,USD,3745
1000129,R1114,Preserves,R100027,Meyer's goulash soup,0.46,USD,3745
100013,R1221,Returnables,R100023,Crate 12 bottles,1.53,EUR,R1000
1000135,R1111,Dairy,R100001,Fauna margarine,0.95,USD,R1000
1000149,R1114,Preserves,R100005,RAVIOLI 'LA MAMMA',0.86,USD,R1000
1000150,R1114,Preserves,R100005,RAVIOLI 'LA MAMMA',0.86,USD,R1000
1000152,R1121,Perishables,R100007,"Net of oranges, 4 lb",2.12,USD,R1000
1000162,R1114,Preserves,R100026,Meyer's cream of mushroom soup,1.08,USD,R1000
1000163,R1114,Preserves,R100027,Meyer's goulash soup,1.07,EUR,3902
1000173,R1131,Tools,R100010,"Hammer, 20 oz framing",4.62,EUR,1003
1000184,R1133,Household/cosmetics,R100013,Shampoo 'Splash',1.14,EUR,5550
100019,R1112,Beverages,R100003,Lemonade 1.5 l bottle,0.4,EUR,R1000
1000190,R1134,Electro,R100016,Tuner X300,114.14,EUR,5550
1000203,3,Bulbs,40-100C,Bulb 220/35V 40-watt clear,0.05,EUR,300
1000213,3,Bulbs,40-200R,Bulb A 40/33x128 red EMG,0.01,EUR,1001
1000220,3,Bulbs,60-100R,Bulb 220/35V 60-watt red,0.26,EUR,1001
1000221,3,Bulbs,60-100Y,Bulb 220/35V 60-watt yellow,0.26,EUR,1001
1000222,8,Packaging,60-110C,220-235V 60-watt clear e27 MIG box,0.01,EUR,1001
1000223,8,Packaging,60-110F,220-235V 60-watt frosted e27 MIG box,0.01,EUR,1001
1000231,3,Bulbs,80-100C,Light Bulb 220/235V 80 watt clear,0.13,EUR,1001
1000233,3,Bulbs,80-100R,Bulb 220/35V 80-watt red,0.3,EUR,1075
1000239,3,Bulbs,YY-220,Pst 125 3.6-3.8/0.65-0.75 113,0.01,EUR,1075
1000242,3,Bulbs,80-200C,Bulb A 80/33x128 clear EMG,0.1,EUR,1075
100025,R1122,Deli,R100002,Salami parma,49.5,USD,R3000
1000250,3,Bulbs,YY-270,Base E27/27HAL,0.01,USD,R3002
1000255,R1134,Electro,R100016,Tuner X300,157,EUR,1015
1000269,207,Monitors,M-12,MAG DX 15F/Fe,511.3,EUR,1025
1000274,207,Monitors,M-17,Jotachi SN4000,920.29,EUR,R1000
1000276,207,Monitors,M-19,Jotachi SN5000,557.29,EUR,R1000
1000277,207,Monitors,M-20,Jotachi SN 7000,577.79,EUR,R1000
1000281,R1111,Dairy,R100001,Fauna margarine,0.41,EUR,R1000
1000286,R1122,Deli,R100002,Salami parma,1.25,EUR,R1000
1000291,R1114,Preserves,R100005,RAVIOLI 'LA MAMMA',0.36,EUR,R1000
1000296,R1121,Perishables,R100008,Pepper,1.17,EUR,3902
1000298,R1121,Perishables,R100008,Pepper,1.17,EUR,3902
1000301,R1131,Tools,R100009,Screwdriver (cross-head),2.39,EUR,3902
1000308,210,Input Devices,DPC1011,Professional keyboard - PROFITEC Model,20.5,EUR,1005
1000309,210,Input Devices,DPC1012,Professional keyboard - MAXITEC Model,26,EUR,1005
100031,R1112,Beverages,R100003,Lemonade 1.5 l bottle,0.72,EUR,R1000
1000311,12,Hardware,DPC1014,"SIM-Modul M8M x 32, 128MB  DDR-RAM",50.79,EUR,1005
1000320,1,Metal processing,100-410,Casing for electronic drive,5.11,EUR,1011
1000323,1,Metal processing,100-430,Lantern ring,2.6,USD,R3000
1000325,1,Metal processing,100-432,Cable structure,1.02,USD,R3000
1000326,1,Metal processing,100-433,Screw M 6X60,0.51,USD,R3000
100033,R1221,Returnables,R100023,Crate 12 bottles,1.5,EUR,R1000
100034,R1221,Returnables,R100022,Bottle 1.5,0.05,EUR,R1000
1000346,R1131,Tools,R100010,"Hammer, 20 oz framing",10.99,USD,5560
1000349,R1131,Tools,R100010,"Hammer, 20 oz framing",10.99,USD,5560
1000365,R1132,Sport,R100011,Basketball 'Professional',13.5,EUR,1011
1000378,R1132,Sport,R100012,Skateboard 'Hells Bells',35.43,EUR,R1000
1000387,R1131,Tools,R100010,"Hammer, 20 oz framing",4.62,EUR,5550
1000392,R1132,Sport,R100011,Basketball 'Professional',4.55,EUR,5550
1000396,R1133,Household/cosmetics,R100013,Shampoo 'Splash',1.14,EUR,3021
1000401,R1133,Household/cosmetics,R100014,Body lotion 'Alabaster',1.35,EUR,3021
1000406,R1114,Preserves,R100026,Meyer's cream of mushroom soup,0.46,EUR,5550
100041,R1221,Returnables,R100023,Crate 12 bottles,1.53,EUR,R1000
1000411,R1112,Beverages,R100032,Fitdrink 2000 (Can),0.28,EUR,5550
1000415,3,Bulbs,40-100F,Light Bulb 220/235V 40 watt frosted,0.05,EUR,300
1000419,8,Packaging,40-110F,220-235V 40-watt frosted e27 MIG box,0.01,EUR,300
1000421,8,Packaging,40-110Y,220-235V 40-watt yellow e27 MIG box,0.01,EUR,300
1000422,3,Bulbs,40-200C,Pistons A 40/33x128 clear EMG,0.1,EUR,300
1000424,3,Bulbs,40-200R,Bulb A 40/33x128 red EMG,0.01,EUR,1001
1000427,3,Bulbs,80-210,Coil 220-235V 80-watt 1000h CC,0.02,EUR,1001
1000430,3,Bulbs,60-100F,Light Bulb 220/235V 60 watt frosted,0.13,EUR,1001
1000431,3,Bulbs,60-100R,Bulb 220/35V 60-watt red,0.26,EUR,1001
1000440,3,Bulbs,60-200Y,Bulb A 60/33x128 yellow EMG,0.1,EUR,1001
1000447,8,Packaging,80-110F,220-235V 80-watt frosted e27 MIG box,0.01,EUR,1001
1000448,8,Packaging,80-110R,220-235V 80-watt yellow e27 MIG box,0.01,EUR,1001
1000453,3,Bulbs,80-200C,Bulb A 80/33x128 clear EMG,0.1,USD,R3002
1000458,8,Packaging,YY-120,100-piece box,0.26,USD,R3002
1000459,3,Bulbs,YY-250,MDH 0.10000 mm bl.ggl,0.51,USD,R3002
1000460,3,Bulbs,YY-260,Current conveyor 3 piece,0.01,USD,R3002
1000462,R1131,Tools,R100009,Screwdriver (cross-head),20,USD,R3002
1000463,R1131,Tools,R100010,"Hammer, 20 oz framing",100,EUR,1005
1000465,R1133,Household/cosmetics,R100014,Body lotion 'Alabaster',3.04,EUR,1005
1000470,208,Hard disks,DPC1003,Harddisk 180 GB / SCSI-2-Fast,309.3,EUR,1005
1000474,210,Input Devices,DPC1010,Standard Keyboard - EURO-Special Model,16.5,EUR,1005
1000476,210,Input Devices,DPC1012,Professional keyboard - MAXITEC Model,26,EUR,1005
1000478,12,Hardware,DPC1014,"SIM-Modul M8M x 32, 128MB  DDR-RAM",50.79,EUR,1005
1000483,202,Motherboards,DPC1020,3Processor  500 MHz,23.5,EUR,R1000
1000486,R1122,Deli,R100002,Salami parma,25.1,EUR,R1000
1000488,R1221,Returnables,R100022,Bottle 1.5,0.14,EUR,R1000
1000490,R1113,Frozen foods,R100004,"'Sophia l.' pizza, 3-pack",3.7,EUR,R1000
1000491,R1114,Preserves,R100005,RAVIOLI 'LA MAMMA',0.39,EUR,R1000
1000492,R1111,Dairy,R100000,Yoghurt all natural,0.27,EUR,R1000
1000494,R1122,Deli,R100002,Salami parma,25.1,USD,R3000
1000496,R1221,Returnables,R100022,Bottle 1.5,0.14,USD,R3000
100050,R1221,Returnables,R100022,Bottle 1.5,0.14,USD,R3000
1000507,R1112,Beverages,R100003,Lemonade 1.5 l bottle,0.72,EUR,1010
1000510,R1221,Returnables,R100022,Bottle 1.5,0.05,EUR,1010
1000519,207,Monitors,M-08,Flatscreen MS 1575P,731.2,EUR,1015
100052,R1111,Dairy,R100001,Fauna margarine,0.95,USD,R3000
1000529,207,Monitors,M-18,Jotachi SN4500,920.29,EUR,R1000
1000042,R1111,Dairy,R100001,Fauna margarine,0.41,EUR,5550
1000046,R1122,Deli,R100002,Salami parma,1.25,EUR,3021
1000061,R1131,Tools,R100009,Screwdriver (cross-head),2.39,EUR,R1000
1000079,R1111,Dairy,R100001,Fauna margarine,0.95,USD,R3001
1000081,R1113,Frozen foods,R100004,"'Sophia l.' pizza, 3-pack",7.57,USD,R3001
1000086,R1114,Preserves,R100027,Meyer's goulash soup,1.08,USD,5550
1000088,R1131,Tools,R100009,Screwdriver (cross-head),1.98,USD,5550
1000105,R1134,Electro,R100016,Tuner X300,191.68,USD,5550
1000118,201,Motorcycles,1400-300,SunFun / 1200 cm3,3681.3,EUR,R1001
1000119,201,Motorcycles,1400-310,CrossFun / 350 cm3,3732.42,EUR,R1001
1000120,9,Accessories,1400-400,Motorcycle Helmet - Standard,23.01,EUR,R1001
1000127,R1134,Electro,R100016,Tuner X300,114.14,USD,3745
1000137,R1111,Dairy,R100001,Fauna margarine,0.95,USD,R1000
1000143,R1113,Frozen foods,R100004,"'Sophia l.' pizza, 3-pack",7.15,USD,R1000
1000146,R1113,Frozen foods,R100004,"'Sophia l.' pizza, 3-pack",7.15,USD,R1000
1000159,R1114,Preserves,R100026,Meyer's cream of mushroom soup,1.08,USD,R1000
1000179,R1132,Sport,R100012,Skateboard 'Hells Bells',17.46,EUR,1003
1000182,R1133,Household/cosmetics,R100013,Shampoo 'Splash',1.14,EUR,1003
1000186,R1133,Household/cosmetics,R100014,Body lotion 'Alabaster',1.35,EUR,5550
1000191,R1114,Preserves,R100026,Meyer's cream of mushroom soup,0.46,EUR,5550
1000194,R1114,Preserves,R100027,Meyer's goulash soup,0.46,USD,R3000
1000197,R1112,Beverages,R100032,Fitdrink 2000 (Can),0.28,USD,R3000
1000198,R1112,Beverages,R100032,Fitdrink 2000 (Can),0.28,USD,R3000
1000199,R1112,Beverages,R100032,Fitdrink 2000 (Can),0.28,USD,R3000
1000244,3,Bulbs,80-200R,Bulb A 80/33x128 red EMG,0.1,USD,R3002
1000253,R1133,Household/cosmetics,R100013,Shampoo 'Splash',2.85,EUR,1015
1000285,R1122,Deli,R100002,Salami parma,1.25,EUR,R1000
1000287,R1113,Frozen foods,R100004,"'Sophia l.' pizza, 3-pack",3.7,EUR,R1000
1000295,R1121,Perishables,R100007,"Net of oranges, 4 lb",2.29,EUR,3902
1000319,1,Metal processing,100-210,Slug for fly wheel,51.1,EUR,1011
1000328,1,Metal processing,100-600,Support base,51.1,USD,R3000
1000332,R1111,Dairy,R100000,Yoghurt all natural,0.53,USD,R3000
1000348,R1131,Tools,R100010,"Hammer, 20 oz framing",10.99,USD,5560
1000350,R1133,Household/cosmetics,R100013,Shampoo 'Splash',2.62,USD,5560
1000351,R1133,Household/cosmetics,R100013,Shampoo 'Splash',2.62,USD,5560
1000360,R1134,Electro,R100016,Tuner X300,177.34,USD,3021
1000361,R1134,Electro,R100016,Tuner X300,177.34,USD,3021
1000376,R1131,Tools,R100010,"Hammer, 20 oz framing",4.46,EUR,R1000
1000379,R1133,Household/cosmetics,R100013,Shampoo 'Splash',1.13,EUR,R1000
1000388,R1131,Tools,R100010,"Hammer, 20 oz framing",4.62,EUR,5550
1000423,3,Bulbs,40-200F,Pistons A 40/33x128  matt EMG,0.1,EUR,1001
1000469,208,Hard disks,DPC1002,Harddisk 10.80 GB  / SCSI-2-Fast,157.9,EUR,1005
1000534,R1111,Dairy,R100000,Yoghurt all natural,0.27,EUR,3745
1000541,R1113,Frozen foods,R100004,"'Sophia l.' pizza, 3-pack",3.7,EUR,3745
1000550,R1121,Perishables,R100008,Pepper,1.17,EUR,5560
1000555,R1131,Tools,R100009,Screwdriver (cross-head),2.39,EUR,1011
1000577,R1121,Perishables,R100008,Pepper,2.56,USD,5550
1000595,R1133,Household/cosmetics,R100014,Body lotion 'Alabaster',3.04,USD,3745
1000597,R1134,Electro,R100016,Tuner X300,176,USD,3745
1000610,9,Accessories,1400-200,Deluxe Taillight,11.8,EUR,1011
1000617,R1132,Sport,R100012,Skateboard 'Hells Bells',35.43,EUR,R1000
1000620,R1134,Electro,R100016,Tuner X300,114.14,EUR,R1000
1000622,R1114,Preserves,R100027,Meyer's goulash soup,0.46,EUR,R1000
1000635,R1122,Deli,R100002,Salami parma,2.47,USD,5550
1000637,R1113,Frozen foods,R100004,"'Sophia l.' pizza, 3-pack",7.34,USD,5550
1000639,R1113,Frozen foods,R100004,"'Sophia l.' pizza, 3-pack",7.34,USD,5550
1000653,R1114,Preserves,R100026,Meyer's cream of mushroom soup,1.08,USD,5550
1000658,R1114,Preserves,R100027,Meyer's goulash soup,1.07,USD,5550
1000665,2,Electronics,R-1130,"Keyboard, English International",15,EUR,5550
1000671,R1132,Sport,R100011,Basketball 'Professional',4.58,EUR,5550
1000680,R1133,Household/cosmetics,R100014,Body lotion 'Alabaster',1.35,EUR,5550
1000686,R1114,Preserves,R100026,Meyer's cream of mushroom soup,0.46,EUR,5550
1000689,R1114,Preserves,R100027,Meyer's goulash soup,0.46,EUR,5550
1000705,2,Electronics,THT-00-07,Laser Printer,179,USD,3021
1000710,2,Electronics,THT-00-12,Laser Printer,179,USD,3021
1000711,2,Electronics,THT-00-13,Laser Printer,179,USD,3021
1000723,2,Electronics,THT-00-25,Laser Printer,179,USD,3021
1000009,210,Input Devices,DPC1010,Standard Keyboard - EURO-Special Model,16.5,EUR,1005
1000013,12,Hardware,DPC1014,"SIM-Modul M8M x 32, 128MB  DDR-RAM",50.79,EUR,1010
1000014,12,Hardware,DPC1015,"SIM-Modul 256 MB 16M x 32, 70 ns",97.2,EUR,1010
1000021,207,Monitors,M-03,Sunny Tetral3,634,EUR,1010
1000022,207,Monitors,M-04,Sunny Extreme,659.6,EUR,1010
1000029,207,Monitors,M-11,Flatscreen MS 1785P,869.2,EUR,1020
1000030,207,Monitors,M-12,MAG DX 15F/Fe,511.3,EUR,1020
1000031,207,Monitors,M-13,MAG DX 17F,536.89,EUR,1020
100005,R1221,Returnables,R100023,Crate 12 bottles,1.5,EUR,R1000
1000055,R1121,Perishables,R100007,"Net of oranges, 4 lb",2.29,EUR,R1000
1000069,1,Metal processing,100-430,Lantern ring,2.6,EUR,1011
1000071,1,Metal processing,100-432,Cable structure,1.02,EUR,1011
1000075,1,Metal processing,100-700,Sheet metal ST37,2.56,USD,R3001
1000077,1,Metal processing,103-410,Slug for pressure cover--chrome steel,15.3,USD,R3001
1000082,R1114,Preserves,R100005,RAVIOLI 'LA MAMMA',0.86,USD,R3001
100016,R1111,Dairy,R100000,Yoghurt all natural,0.27,EUR,R1000
1000168,R1112,Beverages,R100032,Fitdrink 2000 (Can),0.28,EUR,3902
100017,R1111,Dairy,R100001,Fauna margarine,0.41,EUR,R1000
1000209,8,Packaging,40-110R,220-235V 40-watt red e27 MIG box,0.01,EUR,300
100021,R1221,Returnables,R100023,Crate 12 bottles,1.53,USD,R3000
1000224,8,Packaging,60-110R,220-235V 60-watt red e27 MIG box,0.01,EUR,1001
100023,R1113,Frozen foods,R100004,"'Sophia l.' pizza, 3-pack",3.7,USD,R3000
1000234,3,Bulbs,80-100Y,Bulb 220/35V 80-watt yellow,0.26,EUR,1075
1000240,3,Bulbs,YY-230,Plate 125 11.4-11.8 30.5,0.01,EUR,1075
1000241,3,Bulbs,YY-240,Base mounting kit A 1.01,5.11,EUR,1075
1000247,8,Packaging,YY-120,100-piece box,0.26,USD,R3002
1000258,207,Monitors,M-01,Sunny Sunny 01,542,EUR,1015
1000262,207,Monitors,M-05,Microsoft Lizenzen,286.3,EUR,1015
1000263,207,Monitors,M-06,Flatscreen MS 1460 P,557.29,EUR,1025
1000266,207,Monitors,M-09,Flatscreen MS 1585,777.2,EUR,1025
100027,R1221,Returnables,R100022,Bottle 1.5,0.05,USD,R3000
100029,R1111,Dairy,R100001,Fauna margarine,0.95,USD,R3000
1000292,R1114,Preserves,R100005,RAVIOLI 'LA MAMMA',0.36,EUR,R1000
1000315,202,Motherboards,DPC1019,Processor  700  MHz,197.19,EUR,1011
1000327,1,Metal processing,100-510,Ball bearing,10.19,USD,R3000
1000331,1,Metal processing,103-410,Slug for pressure cover--chrome steel,15.3,USD,R3000
1000343,R1131,Tools,R100009,Screwdriver (cross-head),2,USD,5560
1000345,R1131,Tools,R100009,Screwdriver (cross-head),2,USD,5560
100035,R1221,Returnables,R100023,Crate 12 bottles,1.5,EUR,R1000
1000357,R1133,Household/cosmetics,R100014,Body lotion 'Alabaster',3.04,USD,3021
1000368,R1132,Sport,R100012,Skateboard 'Hells Bells',67,EUR,1011
1000374,9,Accessories,1400-400,Motorcycle Helmet - Standard,23.01,EUR,R1000
1000417,3,Bulbs,40-100Y,Bulb 220/35V 40-watt yellow,0.11,EUR,300
1000418,8,Packaging,40-110C,40 W clear 220-235V e27 MIG Carton,0.01,EUR,300
1000425,3,Bulbs,40-200Y,Bulb A 40/33x128 yellow EMG,0.01,EUR,1001
1000433,8,Packaging,60-110C,220-235V 60-watt clear e27 MIG box,0.01,EUR,1001
100045,R1111,Dairy,R100001,Fauna margarine,0.41,EUR,R1000
100047,R1112,Beverages,R100003,Lemonade 1.5 l bottle,0.4,EUR,R1000
1000473,210,Input Devices,DPC1009,Standard Keyboard - EURO Model,16.6,EUR,1005
1000480,12,Hardware,DPC1016,"SIM-Module 8M x 36, 70 ns",67.9,EUR,1005
1000481,12,Hardware,DPC1017,"SIM-Module 4M x 36, 70 ns",37.89,EUR,1005
1000487,R1112,Beverages,R100003,Lemonade 1.5 l bottle,0.4,EUR,R1000
100049,R1221,Returnables,R100023,Crate 12 bottles,1.53,EUR,R1000
1000501,R1122,Deli,R100002,Salami parma,49.5,USD,R3000
1000503,R1221,Returnables,R100022,Bottle 1.5,0.05,EUR,1010
1000505,R1111,Dairy,R100001,Fauna margarine,0.95,EUR,1010
100051,R1113,Frozen foods,R100004,"'Sophia l.' pizza, 3-pack",3.7,USD,R3000
1000525,207,Monitors,M-14,MAG PA/DX 175,562.39,EUR,R1000
100053,R1122,Deli,R100002,Salami parma,49.5,USD,R3000
100054,R1112,Beverages,R100003,Lemonade 1.5 l bottle,0.72,USD,R3000
1000542,R1113,Frozen foods,R100004,"'Sophia l.' pizza, 3-pack",3.7,EUR,3745
1000544,R1114,Preserves,R100005,RAVIOLI 'LA MAMMA',0.36,EUR,5560
100055,R1221,Returnables,R100022,Bottle 1.5,0.05,USD,R3000
1000560,1,Metal processing,100-310,Slug for Shaft,24.5,EUR,1011
1000562,1,Metal processing,100-430,Lantern ring,2.6,EUR,1011
1000567,1,Metal processing,100-600,Support base,51.1,USD,R3000
1000568,1,Metal processing,100-700,Sheet metal ST37,2.56,USD,R3000
1000569,1,Metal processing,103-110,Slug for spiral casing--chrome steel,35.79,USD,R3000
1000606,R1132,Sport,R100012,Skateboard 'Hells Bells',67,EUR,1011
1000626,R1111,Dairy,R100000,Yoghurt all natural,0.53,USD,3745
100064,R1111,Dairy,R100000,Yoghurt all natural,0.27,EUR,R1000
1000645,R1121,Perishables,R100007,"Net of oranges, 4 lb",2.12,USD,5560
1000649,R1121,Perishables,R100008,Pepper,2.56,USD,5560
100065,R1111,Dairy,R100001,Fauna margarine,0.41,EUR,R1000
1000656,R1114,Preserves,R100027,Meyer's goulash soup,1.07,USD,5550
100066,R1122,Deli,R100002,Salami parma,25.1,EUR,R1000
1000661,R1112,Beverages,R100032,Fitdrink 2000 (Can),0.29,USD,5550
1000664,2,Electronics,R-1160,"Harddisk, 20 GB",152,EUR,5550
1000666,2,Electronics,R-1140,"TFT Monitor, 17"",205,EUR""",5550,,
100067,R1112,Beverages,R100003,Lemonade 1.5 l bottle,0.4,EUR,R1000
100068,R1221,Returnables,R100022,Bottle 1.5,0.14,EUR,R1000
100072,R1111,Dairy,R100000,Yoghurt all natural,0.27,EUR,R1000
1000000,R1133,Household/cosmetics,R100014,Body lotion 'Alabaster',3.04,USD,R3002
1000004,208,Hard disks,DPC1002,Harddisk 10.80 GB  / SCSI-2-Fast,157.9,EUR,1005
1000043,R1111,Dairy,R100001,Fauna margarine,0.41,EUR,3021
1000058,R1121,Perishables,R100008,Pepper,1.17,EUR,R1000
1000064,1,Metal processing,100-130,Hexagon head screw M10,0.51,EUR,1011
1000090,R1131,Tools,R100009,Screwdriver (cross-head),1.98,USD,5550
1000094,R1131,Tools,R100010,"Hammer, 20 oz framing",10.08,USD,5560
1000095,R1131,Tools,R100010,"Hammer, 20 oz framing",10.08,USD,5560
1000097,R1133,Household/cosmetics,R100013,Shampoo 'Splash',2.35,USD,5560
1000101,R1133,Household/cosmetics,R100014,Body lotion 'Alabaster',2.99,USD,5560
1000104,R1134,Electro,R100016,Tuner X300,191.68,USD,5550
1000111,R1132,Sport,R100011,Basketball 'Professional',13.5,USD,5550
1000125,R1133,Household/cosmetics,R100013,Shampoo 'Splash',1.13,USD,3745
1000126,R1133,Household/cosmetics,R100014,Body lotion 'Alabaster',1.35,USD,3745
1000130,R1112,Beverages,R100032,Fitdrink 2000 (Can),0.28,USD,3745
1000131,R1111,Dairy,R100000,Yoghurt all natural,0.53,USD,3745
1000133,R1111,Dairy,R100000,Yoghurt all natural,0.53,USD,R1000
1000134,R1111,Dairy,R100000,Yoghurt all natural,0.53,USD,R1000
1000136,R1111,Dairy,R100001,Fauna margarine,0.95,USD,R1000
1000139,R1122,Deli,R100002,Salami parma,2.47,USD,R1000
1000142,R1122,Deli,R100002,Salami parma,2.47,USD,R1000
1000144,R1113,Frozen foods,R100004,"'Sophia l.' pizza, 3-pack",7.15,USD,R1000
1000151,R1121,Perishables,R100007,"Net of oranges, 4 lb",2.12,USD,R1000
1000153,R1121,Perishables,R100007,"Net of oranges, 4 lb",2.12,USD,R1000
1000157,R1121,Perishables,R100008,Pepper,2.56,USD,R1000
1000160,R1114,Preserves,R100026,Meyer's cream of mushroom soup,1.08,USD,R1000
1000161,R1114,Preserves,R100026,Meyer's cream of mushroom soup,1.08,USD,R1000
1000177,R1132,Sport,R100011,Basketball 'Professional',4.55,EUR,1003
1000181,R1132,Sport,R100012,Skateboard 'Hells Bells',17.46,EUR,1003
1000183,R1133,Household/cosmetics,R100013,Shampoo 'Splash',1.14,EUR,5550
1000188,R1134,Electro,R100016,Tuner X300,114.14,EUR,5550
1000201,R1111,Dairy,R100000,Yoghurt all natural,0.53,USD,R3000
1000211,3,Bulbs,40-200C,Pistons A 40/33x128 clear EMG,0.1,EUR,300
1000228,3,Bulbs,60-200R,Bulb A 60/33x128 rot EMG,0.1,EUR,1001
1000251,R1131,Tools,R100009,Screwdriver (cross-head),20,USD,R3002
1000278,R1111,Dairy,R100000,Yoghurt all natural,0.27,EUR,R1000
1000279,R1111,Dairy,R100000,Yoghurt all natural,0.27,EUR,R1000
1000283,R1111,Dairy,R100001,Fauna margarine,0.41,EUR,R1000
1000289,R1113,Frozen foods,R100004,"'Sophia l.' pizza, 3-pack",3.7,EUR,R1000
1000297,R1121,Perishables,R100008,Pepper,1.17,EUR,3902
1000303,208,Hard disks,DPC1003,Harddisk 180 GB / SCSI-2-Fast,309.3,EUR,1005
1000336,R1114,Preserves,R100005,RAVIOLI 'LA MAMMA',0.86,USD,1003
1000338,R1121,Perishables,R100008,Pepper,2.56,USD,1003
1000355,R1133,Household/cosmetics,R100014,Body lotion 'Alabaster',3.04,USD,3021
1000369,R1132,Sport,R100012,Skateboard 'Hells Bells',67,EUR,1011
1000370,9,Accessories,1400-100,Deluxe Headlight,22.5,EUR,1011
1000371,9,Accessories,1400-200,Deluxe Taillight,11.8,EUR,1011
1000382,R1114,Preserves,R100026,Meyer's cream of mushroom soup,0.46,EUR,R1000
1000383,R1114,Preserves,R100027,Meyer's goulash soup,0.46,EUR,5550
1000389,R1131,Tools,R100010,"Hammer, 20 oz framing",4.62,EUR,5550
1000390,R1132,Sport,R100011,Basketball 'Professional',4.55,EUR,5550
1000393,R1132,Sport,R100012,Skateboard 'Hells Bells',17.46,EUR,3021
1000394,R1132,Sport,R100012,Skateboard 'Hells Bells',17.46,EUR,3021
1000400,R1133,Household/cosmetics,R100014,Body lotion 'Alabaster',1.35,EUR,3021
1000402,R1134,Electro,R100016,Tuner X300,114.14,EUR,3021
1000403,R1134,Electro,R100016,Tuner X300,114.14,EUR,5550
1000409,R1114,Preserves,R100027,Meyer's goulash soup,0.46,EUR,5550
1000412,R1112,Beverages,R100032,Fitdrink 2000 (Can),0.28,EUR,5550
1000413,R1112,Beverages,R100032,Fitdrink 2000 (Can),0.28,EUR,300
1000437,3,Bulbs,60-200C,Bulb A 60/33x128 clear EMG,0.1,EUR,1001
1000439,3,Bulbs,60-200R,Bulb A 60/33x128 rot EMG,0.1,EUR,1001
1000450,3,Bulbs,YY-220,Pst 125 3.6-3.8/0.65-0.75 113,0.01,EUR,1001
1000451,3,Bulbs,YY-230,Plate 125 11.4-11.8 30.5,0.01,EUR,1001
1000454,3,Bulbs,80-200F,Bulb A 80/33x128 frosted EMG,0.1,USD,R3002
1000461,3,Bulbs,YY-270,Base E27/27HAL,0.01,USD,R3002
1000466,R1134,Electro,R100016,Tuner X300,157,EUR,1005
1000538,R1122,Deli,R100002,Salami parma,1.25,EUR,3745
1000547,R1121,Perishables,R100007,"Net of oranges, 4 lb",2.29,EUR,5560
1000548,R1121,Perishables,R100007,"Net of oranges, 4 lb",2.29,EUR,5560
1000554,R1131,Tools,R100009,Screwdriver (cross-head),2.39,EUR,1011
1000585,R1131,Tools,R100010,"Hammer, 20 oz framing",11.08,USD,5550
1000586,R1131,Tools,R100010,"Hammer, 20 oz framing",11.08,USD,5550
1000587,R1131,Tools,R100010,"Hammer, 20 oz framing",11.08,USD,5550
1000590,R1133,Household/cosmetics,R100013,Shampoo 'Splash',2.64,USD,5550
1000593,R1133,Household/cosmetics,R100014,Body lotion 'Alabaster',3.04,USD,3745
1000596,R1133,Household/cosmetics,R100014,Body lotion 'Alabaster',3.04,USD,3745
1000615,R1131,Tools,R100010,"Hammer, 20 oz framing",4.46,EUR,R1000
1000625,R1111,Dairy,R100000,Yoghurt all natural,0.53,USD,3745
1000633,R1122,Deli,R100002,Salami parma,2.47,USD,5550
1000634,R1122,Deli,R100002,Salami parma,2.47,USD,5550
1000636,R1113,Frozen foods,R100004,"'Sophia l.' pizza, 3-pack",7.34,USD,5550
1000642,R1114,Preserves,R100005,RAVIOLI 'LA MAMMA',0.86,USD,5550
1000643,R1114,Preserves,R100005,RAVIOLI 'LA MAMMA',0.86,USD,5560
1000648,R1121,Perishables,R100008,Pepper,2.56,USD,5560
1000650,R1121,Perishables,R100008,Pepper,2.56,USD,5560
1000663,R1112,Beverages,R100032,Fitdrink 2000 (Can),0.29,EUR,5550
1000670,R1131,Tools,R100010,"Hammer, 20 oz framing",4.58,EUR,5550
1000672,R1132,Sport,R100011,Basketball 'Professional',4.58,EUR,5550
1000674,R1132,Sport,R100012,Skateboard 'Hells Bells',17.71,EUR,5550
1000675,R1132,Sport,R100012,Skateboard 'Hells Bells',17.71,EUR,5550
1000679,R1133,Household/cosmetics,R100013,Shampoo 'Splash',1.14,EUR,5550
1000688,R1114,Preserves,R100026,Meyer's cream of mushroom soup,0.46,EUR,5550
1000690,R1114,Preserves,R100027,Meyer's goulash soup,0.46,EUR,5550
1000691,R1114,Preserves,R100027,Meyer's goulash soup,0.46,EUR,5550
1000692,R1112,Beverages,R100032,Fitdrink 2000 (Can),0.28,EUR,5550
1000695,13,Elevators,,,100000,USD,3021
1000699,2,Electronics,THT-00-01,Laser Printer,179,USD,3021
1000700,2,Electronics,THT-00-02,Laser Printer,179,USD,3021
1000703,2,Electronics,THT-00-05,Laser Printer,179,USD,3021
1000708,2,Electronics,THT-00-10,Laser Printer,179,USD,3021
1000709,2,Electronics,THT-00-11,Laser Printer,179,USD,3021
1000716,2,Electronics,THT-00-18,Laser Printer,179,USD,3021
1000720,2,Electronics,THT-00-22,Laser Printer,179,USD,3021
1000725,2,Electronics,THT-00-27,Laser Printer,179,USD,3021
1000727,2,Electronics,THT-00-29,Laser Printer,179,USD,3021
1000731,2,Electronics,THT-00-33,Laser Printer,179,USD,3021
1000734,2,Electronics,THT-00-36,Laser Printer,179,USD,3021
100001,R1111,Dairy,R100001,Fauna margarine,0.95,EUR,R1000
1000012,210,Input Devices,DPC1013,Professional keyboard - NATURAL Model,35.39,EUR,1005
100002,R1122,Deli,R100002,Salami parma,49.5,EUR,R1000
100003,R1112,Beverages,R100003,Lemonade 1.5 l bottle,0.72,EUR,R1000
1000034,207,Monitors,M-16,SEC Multisync XV 17,838.5,EUR,5550
1000035,207,Monitors,M-17,Jotachi SN4000,920.29,EUR,5550
1000038,207,Monitors,M-20,Jotachi SN 7000,577.79,EUR,5550
100006,R1221,Returnables,R100022,Bottle 1.5,0.05,EUR,R1000
1000070,1,Metal processing,100-431,Mains adaptor 100 - 240 V,1.42,EUR,1011
1000072,1,Metal processing,100-433,Screw M 6X60,0.51,EUR,1011
100011,R1112,Beverages,R100003,Lemonade 1.5 l bottle,0.4,EUR,R1000
100018,R1122,Deli,R100002,Salami parma,25.1,EUR,R1000
1000205,3,Bulbs,40-100R,Bulb 220/35V 40-watt red,0.29,EUR,300
1000208,8,Packaging,40-110F,220-235V 40-watt frosted e27 MIG box,0.01,EUR,300
1000212,3,Bulbs,40-200F,Pistons A 40/33x128  matt EMG,0.1,EUR,300
1000219,3,Bulbs,60-100F,Light Bulb 220/235V 60 watt frosted,0.13,EUR,1001
1000227,3,Bulbs,60-200F,Bulb A 60/33x128 frosted EMG,0.1,EUR,1001
1000238,8,Packaging,80-110Y,220-235V 80-watt yellow e27 MIG box,0.01,EUR,1075
1000243,3,Bulbs,80-200F,Bulb A 80/33x128 frosted EMG,0.1,USD,R3002
1000246,3,Bulbs,XX-200,"Foil 330x0,03",0.01,USD,R3002
1000248,3,Bulbs,YY-250,MDH 0.10000 mm bl.ggl,0.51,USD,R3002
1000261,207,Monitors,M-04,Sunny Extreme,659.6,EUR,1015
1000265,207,Monitors,M-08,Flatscreen MS 1575P,731.2,EUR,1025
1000270,207,Monitors,M-13,MAG DX 17F,536.89,EUR,1025
1000272,207,Monitors,M-15,SEC Multisync XV15,710.7,EUR,1025
100028,R1221,Returnables,R100023,Crate 12 bottles,1.5,USD,R3000
1000299,R1131,Tools,R100009,Screwdriver (cross-head),2.39,EUR,3902
100030,R1122,Deli,R100002,Salami parma,49.5,EUR,R1000
1000302,208,Hard disks,DPC1002,Harddisk 10.80 GB  / SCSI-2-Fast,157.9,EUR,3902
1000307,210,Input Devices,DPC1010,Standard Keyboard - EURO-Special Model,16.5,EUR,1005
1000316,202,Motherboards,DPC1020,3Processor  500 MHz,23.5,EUR,1011
100032,R1221,Returnables,R100022,Bottle 1.5,0.05,EUR,R1000
1000321,1,Metal processing,100-310,Slug for Shaft,24.5,EUR,1011
1000329,1,Metal processing,100-700,Sheet metal ST37,2.56,USD,R3000
1000354,R1133,Household/cosmetics,R100014,Body lotion 'Alabaster',3.04,USD,3021
100037,R1111,Dairy,R100001,Fauna margarine,0.41,EUR,R1000
100038,R1122,Deli,R100002,Salami parma,25.1,EUR,R1000
100039,R1112,Beverages,R100003,Lemonade 1.5 l bottle,0.4,EUR,R1000
1000399,R1133,Household/cosmetics,R100014,Body lotion 'Alabaster',1.35,EUR,3021
1000405,R1114,Preserves,R100026,Meyer's cream of mushroom soup,0.46,EUR,5550
1000416,3,Bulbs,40-100R,Bulb 220/35V 40-watt red,0.29,EUR,300
1000428,3,Bulbs,YY-210,Solid wire LSN 5 1.8,4.59,EUR,1001
1000442,3,Bulbs,80-100C,Light Bulb 220/235V 80 watt clear,0.13,EUR,1001
1000449,8,Packaging,80-110Y,220-235V 80-watt yellow e27 MIG box,0.01,EUR,1001
1000452,3,Bulbs,YY-240,Base mounting kit A 1.01,5.11,EUR,1001
1000457,3,Bulbs,XX-200,"Foil 330x0,03",0.01,USD,R3002
100046,R1122,Deli,R100002,Salami parma,25.1,EUR,R1000
1000472,208,Hard disks,DPC1005,Harddisk 21.13 GB /  ATA-2,180,EUR,1005
1000484,R1111,Dairy,R100000,Yoghurt all natural,0.27,EUR,R1000
1000489,R1221,Returnables,R100023,Crate 12 bottles,1.53,EUR,R1000
1000497,R1221,Returnables,R100023,Crate 12 bottles,1.53,USD,R3000
1000508,R1221,Returnables,R100022,Bottle 1.5,0.05,EUR,1010
1000509,R1221,Returnables,R100023,Crate 12 bottles,1.5,EUR,1010
1000512,207,Monitors,M-01,Sunny Sunny 01,542,EUR,1010
1000516,207,Monitors,M-05,Microsoft Lizenzen,286.3,EUR,1015
1000524,207,Monitors,M-13,MAG DX 17F,536.89,EUR,R1000
1000527,207,Monitors,M-16,SEC Multisync XV 17,838.5,EUR,R1000
1000531,207,Monitors,M-20,Jotachi SN 7000,577.79,EUR,R1000
100058,R1122,Deli,R100002,Salami parma,49.5,USD,R3000
1000584,R1131,Tools,R100009,Screwdriver (cross-head),2,USD,5550
1000591,R1133,Household/cosmetics,R100013,Shampoo 'Splash',2.64,USD,5550
100060,R1221,Returnables,R100022,Bottle 1.5,0.05,EUR,R1000
1000614,9,Accessories,1400-750,Deluxe Gas Tank Striping Decals,8.19,EUR,R1000
1000697,7,Services,,,635,USD,3021
1000543,R1113,Frozen foods,R100004,"'Sophia l.' pizza, 3-pack",3.7,EUR,5560
1000545,R1114,Preserves,R100005,RAVIOLI 'LA MAMMA',0.36,EUR,5560
1000549,R1121,Perishables,R100007,"Net of oranges, 4 lb",2.29,EUR,5560
1000551,R1121,Perishables,R100008,Pepper,1.17,EUR,5560
1000553,R1131,Tools,R100009,Screwdriver (cross-head),2.39,EUR,1011
1000556,1,Metal processing,100-120,Flat gasket,23.5,EUR,1011
1000557,1,Metal processing,100-130,Hexagon head screw M10,0.51,EUR,1011
1000559,1,Metal processing,100-410,Casing for electronic drive,5.11,EUR,1011
1000566,1,Metal processing,100-510,Ball bearing,10.19,USD,R3000
1000576,R1121,Perishables,R100007,"Net of oranges, 4 lb",2.12,USD,5550
1000579,R1114,Preserves,R100027,Meyer's goulash soup,1.08,USD,5550
1000592,R1133,Household/cosmetics,R100013,Shampoo 'Splash',2.64,USD,5550
1000599,R1134,Electro,R100016,Tuner X300,176,USD,3745
1000607,R1132,Sport,R100012,Skateboard 'Hells Bells',67,EUR,1011
100061,R1221,Returnables,R100023,Crate 12 bottles,1.5,EUR,R1000
1000611,201,Motorcycles,1400-300,SunFun / 1200 cm3,3681.3,EUR,1011
1000616,R1132,Sport,R100011,Basketball 'Professional',4.75,EUR,R1000
1000618,R1133,Household/cosmetics,R100013,Shampoo 'Splash',1.13,EUR,R1000
1000621,R1114,Preserves,R100026,Meyer's cream of mushroom soup,0.46,EUR,R1000
1000624,R1111,Dairy,R100000,Yoghurt all natural,0.53,USD,3745
1000628,R1111,Dairy,R100001,Fauna margarine,0.95,USD,3745
1000629,R1111,Dairy,R100001,Fauna margarine,0.95,USD,3745
1000630,R1111,Dairy,R100001,Fauna margarine,0.95,USD,3745
1000638,R1113,Frozen foods,R100004,"'Sophia l.' pizza, 3-pack",7.34,USD,5550
1000657,R1114,Preserves,R100027,Meyer's goulash soup,1.07,USD,5550
1000662,R1112,Beverages,R100032,Fitdrink 2000 (Can),0.29,USD,5550
1000669,R1131,Tools,R100010,"Hammer, 20 oz framing",4.58,EUR,5550
1000685,R1134,Electro,R100016,Tuner X300,114.14,EUR,5550
1000694,R1112,Beverages,R100032,Fitdrink 2000 (Can),0.28,USD,3021
1000696,803,Pallets,,,200,USD,3021
1000698,2,Electronics,THT-00-00,Laser Printer,179,USD,3021
100070,R1113,Frozen foods,R100004,"'Sophia l.' pizza, 3-pack",3.7,EUR,R1000
1000701,2,Electronics,THT-00-03,Laser Printer,179,USD,3021
1000707,2,Electronics,THT-00-09,Laser Printer,179,USD,3021
100071,R1114,Preserves,R100005,RAVIOLI 'LA MAMMA',0.39,EUR,R1000
1000714,2,Electronics,THT-00-16,Laser Printer,179,USD,3021
1000717,2,Electronics,THT-00-19,Laser Printer,179,USD,3021
1000724,2,Electronics,THT-00-26,Laser Printer,179,USD,3021
1000726,2,Electronics,THT-00-28,Laser Printer,179,USD,3021
1000728,2,Electronics,THT-00-30,Laser Printer,179,USD,3021
1000737,2,Electronics,THT-00-39,Laser Printer,179,USD,3021
100074,R1122,Deli,R100002,Salami parma,25.1,EUR,R1000
